Date,"Close Price"
"2018-01-04 00:00:00",15134.65
"2018-01-04 00:01:00",15133.17
"2018-01-04 00:02:00",15136.06
"2018-01-04 00:03:00",15138.89
"2018-01-04 00:04:00",15147.91
"2018-01-04 00:05:00",15148.65
"2018-01-04 00:06:00",15155.32
"2018-01-04 00:07:00",15154.72
"2018-01-04 00:08:00",15135.78
"2018-01-04 00:09:00",15095.09
"2018-01-04 00:10:00",15079.95
"2018-01-04 00:11:00",15103.96
"2018-01-04 00:12:00",15108.17
"2018-01-04 00:13:00",15114.72
"2018-01-04 00:14:00",15113.8
"2018-01-04 00:15:00",15128.93
"2018-01-04 00:16:00",15130.57
"2018-01-04 00:17:00",15140.63
"2018-01-04 00:18:00",15126.32
"2018-01-04 00:19:00",15116.65
"2018-01-04 00:20:00",15089.77
"2018-01-04 00:21:00",15079.07
"2018-01-04 00:22:00",15091.27
"2018-01-04 00:23:00",15099.47
"2018-01-04 00:24:00",15094.86
"2018-01-04 00:25:00",15085.77
"2018-01-04 00:26:00",15081.83
"2018-01-04 00:27:00",15084.47
"2018-01-04 00:28:00",15076.86
"2018-01-04 00:29:00",15075.6
"2018-01-04 00:30:00",15075.79
"2018-01-04 00:31:00",15051.64
"2018-01-04 00:32:00",15042.36
"2018-01-04 00:33:00",15047.76
"2018-01-04 00:34:00",15043.53
"2018-01-04 00:35:00",15032.22
"2018-01-04 00:36:00",15028.82
"2018-01-04 00:37:00",15038.66
"2018-01-04 00:38:00",15042.99
"2018-01-04 00:39:00",15076.37
"2018-01-04 00:40:00",15094.03
"2018-01-04 00:41:00",15090.5
"2018-01-04 00:42:00",15090.68
"2018-01-04 00:43:00",15072.38
"2018-01-04 00:44:00",15092.53
"2018-01-04 00:45:00",15103.74
"2018-01-04 00:46:00",15104.48
"2018-01-04 00:47:00",15097.27
"2018-01-04 00:48:00",15088.7
"2018-01-04 00:49:00",15081.43
"2018-01-04 00:50:00",15082.8
"2018-01-04 00:51:00",15118.94
"2018-01-04 00:52:00",15113.07
"2018-01-04 00:53:00",15115.11
"2018-01-04 00:54:00",15111.35
"2018-01-04 00:55:00",15126.4
"2018-01-04 00:56:00",15136.25
"2018-01-04 00:57:00",15135.7
"2018-01-04 00:58:00",15138.72
"2018-01-04 00:59:00",15127.6
"2018-01-04 01:00:00",15099.43
"2018-01-04 01:01:00",15109.43
"2018-01-04 01:02:00",15119.41
"2018-01-04 01:03:00",15106.95
"2018-01-04 01:04:00",15092.28
"2018-01-04 01:05:00",15087.6
"2018-01-04 01:06:00",15098.14
"2018-01-04 01:07:00",15072.38
"2018-01-04 01:08:00",15029.47
"2018-01-04 01:09:00",15016.67
"2018-01-04 01:10:00",15018.13
"2018-01-04 01:11:00",15030.62
"2018-01-04 01:12:00",15036.7
"2018-01-04 01:13:00",15001.37
"2018-01-04 01:14:00",15002.22
"2018-01-04 01:15:00",15004.99
"2018-01-04 01:16:00",14997.08
"2018-01-04 01:17:00",15006.36
"2018-01-04 01:18:00",15022.83
"2018-01-04 01:19:00",15028.51
"2018-01-04 01:20:00",15041.71
"2018-01-04 01:21:00",15060.18
"2018-01-04 01:22:00",15076.51
"2018-01-04 01:23:00",15085.68
"2018-01-04 01:24:00",15101.46
"2018-01-04 01:25:00",15090.11
"2018-01-04 01:26:00",15048.09
"2018-01-04 01:27:00",15033.77
"2018-01-04 01:28:00",15060.26
"2018-01-04 01:29:00",15083.84
"2018-01-04 01:30:00",15092.76
"2018-01-04 01:31:00",15092.48
"2018-01-04 01:32:00",15108.77
"2018-01-04 01:33:00",15117.49
"2018-01-04 01:34:00",15123.04
"2018-01-04 01:35:00",15124.59
"2018-01-04 01:36:00",15125.43
"2018-01-04 01:37:00",15119.57
"2018-01-04 01:38:00",15130.61
"2018-01-04 01:39:00",15127.74
"2018-01-04 01:40:00",15128.13
"2018-01-04 01:41:00",15122.6
"2018-01-04 01:42:00",15125.28
"2018-01-04 01:43:00",15131.32
"2018-01-04 01:44:00",15139.03
"2018-01-04 01:45:00",15156.58
"2018-01-04 01:46:00",15190.95
"2018-01-04 01:47:00",15224.72
"2018-01-04 01:48:00",15250.38
"2018-01-04 01:49:00",15243.15
"2018-01-04 01:50:00",15249.57
"2018-01-04 01:51:00",15262.95
"2018-01-04 01:52:00",15291.12
"2018-01-04 01:53:00",15281.68
"2018-01-04 01:54:00",15299.72
"2018-01-04 01:55:00",15336.63
"2018-01-04 01:56:00",15343.35
"2018-01-04 01:57:00",15342.85
"2018-01-04 01:58:00",15346.68
"2018-01-04 01:59:00",15352.33
"2018-01-04 02:00:00",15353.51
"2018-01-04 02:01:00",15316.6
"2018-01-04 02:02:00",15328.29
"2018-01-04 02:03:00",15365.5
"2018-01-04 02:04:00",15379.91
"2018-01-04 02:05:00",15382.13
"2018-01-04 02:06:00",15394.99
"2018-01-04 02:07:00",15374.45
"2018-01-04 02:08:00",15359.59
"2018-01-04 02:09:00",15355.04
"2018-01-04 02:10:00",15364.81
"2018-01-04 02:11:00",15363.9
"2018-01-04 02:12:00",15347.76
"2018-01-04 02:13:00",15310.86
"2018-01-04 02:14:00",15317.82
"2018-01-04 02:15:00",15276.11
"2018-01-04 02:16:00",15279.54
"2018-01-04 02:17:00",15301.6
"2018-01-04 02:18:00",15317.02
"2018-01-04 02:19:00",15323.54
"2018-01-04 02:20:00",15327.37
"2018-01-04 02:21:00",15344.13
"2018-01-04 02:22:00",15329.75
"2018-01-04 02:23:00",15335.51
"2018-01-04 02:24:00",15338.48
"2018-01-04 02:25:00",15338.88
"2018-01-04 02:26:00",15348.38
"2018-01-04 02:27:00",15351.83
"2018-01-04 02:28:00",15352.26
"2018-01-04 02:29:00",15344.96
"2018-01-04 02:30:00",15350.98
"2018-01-04 02:31:00",15347.52
"2018-01-04 02:32:00",15336.21
"2018-01-04 02:33:00",15330.27
"2018-01-04 02:34:00",15331.73
"2018-01-04 02:35:00",15329.79
"2018-01-04 02:36:00",15321.83
"2018-01-04 02:37:00",15310.42
"2018-01-04 02:38:00",15307.23
"2018-01-04 02:39:00",15306.17
"2018-01-04 02:40:00",15314.15
"2018-01-04 02:41:00",15328.07
"2018-01-04 02:42:00",15328.81
"2018-01-04 02:43:00",15319.55
"2018-01-04 02:44:00",15306.08
"2018-01-04 02:45:00",15304.13
"2018-01-04 02:46:00",15284.83
"2018-01-04 02:47:00",15262.33
"2018-01-04 02:48:00",15245.32
"2018-01-04 02:49:00",15239.2
"2018-01-04 02:50:00",15217.68
"2018-01-04 02:51:00",15226.14
"2018-01-04 02:52:00",15236.98
"2018-01-04 02:53:00",15259.09
"2018-01-04 02:54:00",15272.35
"2018-01-04 02:55:00",15274.06
"2018-01-04 02:56:00",15274.3
"2018-01-04 02:57:00",15262.27
"2018-01-04 02:58:00",15254.44
"2018-01-04 02:59:00",15245.21
"2018-01-04 03:00:00",15252.73
"2018-01-04 03:01:00",15245.75
"2018-01-04 03:02:00",15250.25
"2018-01-04 03:03:00",15254.79
"2018-01-04 03:04:00",15246.54
"2018-01-04 03:05:00",15247.84
"2018-01-04 03:06:00",15245.39
"2018-01-04 03:07:00",15238.06
"2018-01-04 03:08:00",15228.91
"2018-01-04 03:09:00",15220.43
"2018-01-04 03:10:00",15219.24
"2018-01-04 03:11:00",15202.07
"2018-01-04 03:12:00",15206.3
"2018-01-04 03:13:00",15198.19
"2018-01-04 03:14:00",15202.08
"2018-01-04 03:15:00",15187.81
"2018-01-04 03:16:00",15211.25
"2018-01-04 03:17:00",15222.69
"2018-01-04 03:18:00",15232.02
"2018-01-04 03:19:00",15229.74
"2018-01-04 03:20:00",15233.1
"2018-01-04 03:21:00",15241.14
"2018-01-04 03:22:00",15259.72
"2018-01-04 03:23:00",15262.7
"2018-01-04 03:24:00",15261.31
"2018-01-04 03:25:00",15259.7
"2018-01-04 03:26:00",15263.84
"2018-01-04 03:27:00",15260.35
"2018-01-04 03:28:00",15245.66
"2018-01-04 03:29:00",15248.71
"2018-01-04 03:30:00",15238.14
"2018-01-04 03:31:00",15234.06
"2018-01-04 03:32:00",15220.66
"2018-01-04 03:33:00",15195.75
"2018-01-04 03:34:00",15174.03
"2018-01-04 03:35:00",15152.57
"2018-01-04 03:36:00",15131.43
"2018-01-04 03:37:00",15142.14
"2018-01-04 03:38:00",15135.92
"2018-01-04 03:39:00",15141.76
"2018-01-04 03:40:00",15141.38
"2018-01-04 03:41:00",15135.4
"2018-01-04 03:42:00",15144.34
"2018-01-04 03:43:00",15149.73
"2018-01-04 03:44:00",15153.41
"2018-01-04 03:45:00",15157.26
"2018-01-04 03:46:00",15160.65
"2018-01-04 03:47:00",15166.43
"2018-01-04 03:48:00",15172.05
"2018-01-04 03:49:00",15167.44
"2018-01-04 03:50:00",15180.03
"2018-01-04 03:51:00",15175.15
"2018-01-04 03:52:00",15162.88
"2018-01-04 03:53:00",15159.12
"2018-01-04 03:54:00",15175.78
"2018-01-04 03:55:00",15169.47
"2018-01-04 03:56:00",15160.3
"2018-01-04 03:57:00",15147.24
"2018-01-04 03:58:00",15137.66
"2018-01-04 03:59:00",15124.75
"2018-01-04 04:00:00",15104.45
"2018-01-04 04:01:00",15071.67
"2018-01-04 04:02:00",15049.56
"2018-01-04 04:03:00",15037.71
"2018-01-04 04:04:00",14990.03
"2018-01-04 04:05:00",14942.73
"2018-01-04 04:06:00",14891.6
"2018-01-04 04:07:00",14923.84
"2018-01-04 04:08:00",14921.71
"2018-01-04 04:09:00",14960.4
"2018-01-04 04:10:00",14964.88
"2018-01-04 04:11:00",14969.54
"2018-01-04 04:12:00",14973.81
"2018-01-04 04:13:00",14975.98
"2018-01-04 04:14:00",14989.71
"2018-01-04 04:15:00",14999.67
"2018-01-04 04:16:00",14982.27
"2018-01-04 04:17:00",14976.5
"2018-01-04 04:18:00",14965.23
"2018-01-04 04:19:00",14925.64
"2018-01-04 04:20:00",14917.61
"2018-01-04 04:21:00",14966.65
"2018-01-04 04:22:00",14956.72
"2018-01-04 04:23:00",14948.81
"2018-01-04 04:24:00",14953.85
"2018-01-04 04:25:00",14953.73
"2018-01-04 04:26:00",14959.1
"2018-01-04 04:27:00",14962.53
"2018-01-04 04:28:00",14961.27
"2018-01-04 04:29:00",14957.27
"2018-01-04 04:30:00",14935.99
"2018-01-04 04:31:00",14914.38
"2018-01-04 04:32:00",14887.77
"2018-01-04 04:33:00",14898.84
"2018-01-04 04:34:00",14929.47
"2018-01-04 04:35:00",14952.69
"2018-01-04 04:36:00",14938.74
"2018-01-04 04:37:00",14932.36
"2018-01-04 04:38:00",14947.39
"2018-01-04 04:39:00",14958.89
"2018-01-04 04:40:00",14950.85
"2018-01-04 04:41:00",14942.04
"2018-01-04 04:42:00",14931.76
"2018-01-04 04:43:00",14922.15
"2018-01-04 04:44:00",14931.24
"2018-01-04 04:45:00",14959.29
"2018-01-04 04:46:00",14965.56
"2018-01-04 04:47:00",14969.49
"2018-01-04 04:48:00",14972.69
"2018-01-04 04:49:00",14974.04
"2018-01-04 04:50:00",14983.89
"2018-01-04 04:51:00",14961.68
"2018-01-04 04:52:00",14958.91
"2018-01-04 04:53:00",14952.66
"2018-01-04 04:54:00",14947.55
"2018-01-04 04:55:00",14934.94
"2018-01-04 04:56:00",14936.68
"2018-01-04 04:57:00",14937.65
"2018-01-04 04:58:00",14945.37
"2018-01-04 04:59:00",14936.39
"2018-01-04 05:00:00",14939.22
"2018-01-04 05:01:00",14940.88
"2018-01-04 05:02:00",14938
"2018-01-04 05:03:00",14947.27
"2018-01-04 05:04:00",14942.71
"2018-01-04 05:05:00",14926.99
"2018-01-04 05:06:00",14925.11
"2018-01-04 05:07:00",14922.32
"2018-01-04 05:08:00",14920.53
"2018-01-04 05:09:00",14913.35
"2018-01-04 05:10:00",14900.06
"2018-01-04 05:11:00",14882.68
"2018-01-04 05:12:00",14891.56
"2018-01-04 05:13:00",14889.79
"2018-01-04 05:14:00",14897.13
"2018-01-04 05:15:00",14896.51
"2018-01-04 05:16:00",14888.35
"2018-01-04 05:17:00",14891.34
"2018-01-04 05:18:00",14894.44
"2018-01-04 05:19:00",14896.01
"2018-01-04 05:20:00",14890.29
"2018-01-04 05:21:00",14876.39
"2018-01-04 05:22:00",14877.64
"2018-01-04 05:23:00",14878.37
"2018-01-04 05:24:00",14872.79
"2018-01-04 05:25:00",14873.17
"2018-01-04 05:26:00",14849.41
"2018-01-04 05:27:00",14830.5
"2018-01-04 05:28:00",14820.76
"2018-01-04 05:29:00",14819.3
"2018-01-04 05:30:00",14816.5
"2018-01-04 05:31:00",14815.76
"2018-01-04 05:32:00",14846.06
"2018-01-04 05:33:00",14883.47
"2018-01-04 05:34:00",14878.66
"2018-01-04 05:35:00",14887.73
"2018-01-04 05:36:00",14899.21
"2018-01-04 05:37:00",14901.64
"2018-01-04 05:38:00",14905.09
"2018-01-04 05:39:00",14910.49
"2018-01-04 05:40:00",14925.56
"2018-01-04 05:41:00",14943.69
"2018-01-04 05:42:00",14943.08
"2018-01-04 05:43:00",14938.76
"2018-01-04 05:44:00",14933.35
"2018-01-04 05:45:00",14929.91
"2018-01-04 05:46:00",14940.81
"2018-01-04 05:47:00",14947.59
"2018-01-04 05:48:00",14953.2
"2018-01-04 05:49:00",14950.9
"2018-01-04 05:50:00",14954.95
"2018-01-04 05:51:00",14953.43
"2018-01-04 05:52:00",14958.53
"2018-01-04 05:53:00",14935.42
"2018-01-04 05:54:00",14927.8
"2018-01-04 05:55:00",14934.52
"2018-01-04 05:56:00",14948.77
"2018-01-04 05:57:00",14947.65
"2018-01-04 05:58:00",14939.38
"2018-01-04 05:59:00",14925.43
"2018-01-04 06:00:00",14926.84
"2018-01-04 06:01:00",14915.8
"2018-01-04 06:02:00",14933.68
"2018-01-04 06:03:00",14951.77
"2018-01-04 06:04:00",14954.66
"2018-01-04 06:05:00",14988.69
"2018-01-04 06:06:00",15003.1
"2018-01-04 06:07:00",15019.66
"2018-01-04 06:08:00",15026.04
"2018-01-04 06:09:00",15027.72
"2018-01-04 06:10:00",15034.69
"2018-01-04 06:11:00",15046.45
"2018-01-04 06:12:00",15049.65
"2018-01-04 06:13:00",15057.35
"2018-01-04 06:14:00",15071.9
"2018-01-04 06:15:00",15066.55
"2018-01-04 06:16:00",15064.13
"2018-01-04 06:17:00",15073.52
"2018-01-04 06:18:00",15078.23
"2018-01-04 06:19:00",15074.9
"2018-01-04 06:20:00",15072.76
"2018-01-04 06:21:00",15071.37
"2018-01-04 06:22:00",15060.52
"2018-01-04 06:23:00",15051.8
"2018-01-04 06:24:00",15052.05
"2018-01-04 06:25:00",15058.16
"2018-01-04 06:26:00",15051.35
"2018-01-04 06:27:00",15061.67
"2018-01-04 06:28:00",15058.15
"2018-01-04 06:29:00",15038.18
"2018-01-04 06:30:00",15043.81
"2018-01-04 06:31:00",15033.97
"2018-01-04 06:32:00",15033.15
"2018-01-04 06:33:00",15029.16
"2018-01-04 06:34:00",15025.49
"2018-01-04 06:35:00",15018.66
"2018-01-04 06:36:00",15016.19
"2018-01-04 06:37:00",15005.33
"2018-01-04 06:38:00",15004.75
"2018-01-04 06:39:00",15005.88
"2018-01-04 06:40:00",15004.03
"2018-01-04 06:41:00",14995.76
"2018-01-04 06:42:00",15010.11
"2018-01-04 06:43:00",15024.46
"2018-01-04 06:44:00",15028.33
"2018-01-04 06:45:00",15040.99
"2018-01-04 06:46:00",15067.84
"2018-01-04 06:47:00",15021.55
"2018-01-04 06:48:00",15046.91
"2018-01-04 06:49:00",15045.82
"2018-01-04 06:50:00",15033.88
"2018-01-04 06:51:00",15020.06
"2018-01-04 06:52:00",14991.74
"2018-01-04 06:53:00",14993.04
"2018-01-04 06:54:00",14980.21
"2018-01-04 06:55:00",14966.41
"2018-01-04 06:56:00",14962.31
"2018-01-04 06:57:00",14950.27
"2018-01-04 06:58:00",14935.76
"2018-01-04 06:59:00",14941.41
"2018-01-04 07:00:00",14923.53
"2018-01-04 07:01:00",14881.81
"2018-01-04 07:02:00",14884.74
"2018-01-04 07:03:00",14877.36
"2018-01-04 07:04:00",14879.21
"2018-01-04 07:05:00",14887.14
"2018-01-04 07:06:00",14918.3
"2018-01-04 07:07:00",14924.32
"2018-01-04 07:08:00",14924.51
"2018-01-04 07:09:00",14915.15
"2018-01-04 07:10:00",14912.56
"2018-01-04 07:11:00",14898.39
"2018-01-04 07:12:00",14890.64
"2018-01-04 07:13:00",14878.11
"2018-01-04 07:14:00",14874.92
"2018-01-04 07:15:00",14870.45
"2018-01-04 07:16:00",14863.03
"2018-01-04 07:17:00",14852.83
"2018-01-04 07:18:00",14834.73
"2018-01-04 07:19:00",14831.08
"2018-01-04 07:20:00",14822.42
"2018-01-04 07:21:00",14826.39
"2018-01-04 07:22:00",14839.78
"2018-01-04 07:23:00",14853.3
"2018-01-04 07:24:00",14871.56
"2018-01-04 07:25:00",14881.95
"2018-01-04 07:26:00",14896
"2018-01-04 07:27:00",14894.6
"2018-01-04 07:28:00",14898.55
"2018-01-04 07:29:00",14897.47
"2018-01-04 07:30:00",14896.2
"2018-01-04 07:31:00",14889.17
"2018-01-04 07:32:00",14885.1
"2018-01-04 07:33:00",14876.16
"2018-01-04 07:34:00",14873.93
"2018-01-04 07:35:00",14869.94
"2018-01-04 07:36:00",14870.98
"2018-01-04 07:37:00",14881.88
"2018-01-04 07:38:00",14891.74
"2018-01-04 07:39:00",14900.28
"2018-01-04 07:40:00",14910.18
"2018-01-04 07:41:00",14909.09
"2018-01-04 07:42:00",14923.03
"2018-01-04 07:43:00",14910.45
"2018-01-04 07:44:00",14912.93
"2018-01-04 07:45:00",14912.69
"2018-01-04 07:46:00",14906.41
"2018-01-04 07:47:00",14890.26
"2018-01-04 07:48:00",14884.1
"2018-01-04 07:49:00",14880.57
"2018-01-04 07:50:00",14877.26
"2018-01-04 07:51:00",14838.12
"2018-01-04 07:52:00",14841.76
"2018-01-04 07:53:00",14855.05
"2018-01-04 07:54:00",14840.23
"2018-01-04 07:55:00",14849.18
"2018-01-04 07:56:00",14856.1
"2018-01-04 07:57:00",14845.23
"2018-01-04 07:58:00",14843.3
"2018-01-04 07:59:00",14841.7
"2018-01-04 08:00:00",14848.92
"2018-01-04 08:01:00",14850.42
"2018-01-04 08:02:00",14862.38
"2018-01-04 08:03:00",14866.83
"2018-01-04 08:04:00",14872.08
"2018-01-04 08:05:00",14875.07
"2018-01-04 08:06:00",14875.7
"2018-01-04 08:07:00",14870.92
"2018-01-04 08:08:00",14878.76
"2018-01-04 08:09:00",14877.91
"2018-01-04 08:10:00",14863.56
"2018-01-04 08:11:00",14852.59
"2018-01-04 08:12:00",14835.79
"2018-01-04 08:13:00",14820.99
"2018-01-04 08:14:00",14815.39
"2018-01-04 08:15:00",14835.59
"2018-01-04 08:16:00",14844.01
"2018-01-04 08:17:00",14840.77
"2018-01-04 08:18:00",14835.75
"2018-01-04 08:19:00",14827.43
"2018-01-04 08:20:00",14830.5
"2018-01-04 08:21:00",14823.48
"2018-01-04 08:22:00",14819.95
"2018-01-04 08:23:00",14782.21
"2018-01-04 08:24:00",14726.8
"2018-01-04 08:25:00",14701.29
"2018-01-04 08:26:00",14683.35
"2018-01-04 08:27:00",14697.15
"2018-01-04 08:28:00",14672.62
"2018-01-04 08:29:00",14648.18
"2018-01-04 08:30:00",14611.28
"2018-01-04 08:31:00",14523.52
"2018-01-04 08:32:00",14507.43
"2018-01-04 08:33:00",14512.26
"2018-01-04 08:34:00",14521.31
"2018-01-04 08:35:00",14517.49
"2018-01-04 08:36:00",14509.3
"2018-01-04 08:37:00",14491.27
"2018-01-04 08:38:00",14484.18
"2018-01-04 08:39:00",14468.68
"2018-01-04 08:40:00",14463.07
"2018-01-04 08:41:00",14429.36
"2018-01-04 08:42:00",14392.51
"2018-01-04 08:43:00",14391.58
"2018-01-04 08:44:00",14410.99
"2018-01-04 08:45:00",14406.54
"2018-01-04 08:46:00",14420.36
"2018-01-04 08:47:00",14451.28
"2018-01-04 08:48:00",14466.59
"2018-01-04 08:49:00",14473.74
"2018-01-04 08:50:00",14480.4
"2018-01-04 08:51:00",14456.4
"2018-01-04 08:52:00",14438.91
"2018-01-04 08:53:00",14438.66
"2018-01-04 08:54:00",14428.36
"2018-01-04 08:55:00",14434.91
"2018-01-04 08:56:00",14430.86
"2018-01-04 08:57:00",14432.37
"2018-01-04 08:58:00",14418.92
"2018-01-04 08:59:00",14398.57
"2018-01-04 09:00:00",14382.37
"2018-01-04 09:01:00",14286.48
"2018-01-04 09:02:00",14240.79
"2018-01-04 09:03:00",14225.17
"2018-01-04 09:04:00",14253.47
"2018-01-04 09:05:00",14321.99
"2018-01-04 09:06:00",14307.9
"2018-01-04 09:07:00",14326.42
"2018-01-04 09:08:00",14320.76
"2018-01-04 09:09:00",14323.3
"2018-01-04 09:10:00",14309.11
"2018-01-04 09:11:00",14323.45
"2018-01-04 09:12:00",14347.67
"2018-01-04 09:13:00",14379.83
"2018-01-04 09:14:00",14436.07
"2018-01-04 09:15:00",14459.62
"2018-01-04 09:16:00",14460.71
"2018-01-04 09:17:00",14446.95
"2018-01-04 09:18:00",14417.7
"2018-01-04 09:19:00",14428.95
"2018-01-04 09:20:00",14414.81
"2018-01-04 09:21:00",14426.74
"2018-01-04 09:22:00",14420.17
"2018-01-04 09:23:00",14440.13
"2018-01-04 09:24:00",14444.44
"2018-01-04 09:25:00",14466.33
"2018-01-04 09:26:00",14503.37
"2018-01-04 09:27:00",14497.71
"2018-01-04 09:28:00",14502.35
"2018-01-04 09:29:00",14510.83
"2018-01-04 09:30:00",14501.37
"2018-01-04 09:31:00",14496.95
"2018-01-04 09:32:00",14502.01
"2018-01-04 09:33:00",14482.65
"2018-01-04 09:34:00",14467.25
"2018-01-04 09:35:00",14464.59
"2018-01-04 09:36:00",14472.23
"2018-01-04 09:37:00",14483.91
"2018-01-04 09:38:00",14493.82
"2018-01-04 09:39:00",14485.29
"2018-01-04 09:40:00",14489.79
"2018-01-04 09:41:00",14480.75
"2018-01-04 09:42:00",14487.2
"2018-01-04 09:43:00",14500.89
"2018-01-04 09:44:00",14494.91
"2018-01-04 09:45:00",14480.03
"2018-01-04 09:46:00",14476.43
"2018-01-04 09:47:00",14489.55
"2018-01-04 09:48:00",14500.82
"2018-01-04 09:49:00",14520.31
"2018-01-04 09:50:00",14531.72
"2018-01-04 09:51:00",14529.68
"2018-01-04 09:52:00",14536.57
"2018-01-04 09:53:00",14516.02
"2018-01-04 09:54:00",14508.36
"2018-01-04 09:55:00",14522.51
"2018-01-04 09:56:00",14505.36
"2018-01-04 09:57:00",14504.14
"2018-01-04 09:58:00",14470.92
"2018-01-04 09:59:00",14490.41
"2018-01-04 10:00:00",14486.17
"2018-01-04 10:01:00",14492.98
"2018-01-04 10:02:00",14502.87
"2018-01-04 10:03:00",14490.8
"2018-01-04 10:04:00",14483.4
"2018-01-04 10:05:00",14465.81
"2018-01-04 10:06:00",14482.88
"2018-01-04 10:07:00",14502.08
"2018-01-04 10:08:00",14541.82
"2018-01-04 10:09:00",14568.74
"2018-01-04 10:10:00",14585.13
"2018-01-04 10:11:00",14591.6
"2018-01-04 10:12:00",14573.12
"2018-01-04 10:13:00",14571.33
"2018-01-04 10:14:00",14509.35
"2018-01-04 10:15:00",14491.4
"2018-01-04 10:16:00",14483.03
"2018-01-04 10:17:00",14485.76
"2018-01-04 10:18:00",14488.59
"2018-01-04 10:19:00",14487.7
"2018-01-04 10:20:00",14451.6
"2018-01-04 10:21:00",14458.15
"2018-01-04 10:22:00",14478.79
"2018-01-04 10:23:00",14491.28
"2018-01-04 10:24:00",14497.63
"2018-01-04 10:25:00",14508.98
"2018-01-04 10:26:00",14520.67
"2018-01-04 10:27:00",14532.65
"2018-01-04 10:28:00",14529.03
"2018-01-04 10:29:00",14532.75
"2018-01-04 10:30:00",14534.07
"2018-01-04 10:31:00",14530.77
"2018-01-04 10:32:00",14511.56
"2018-01-04 10:33:00",14517.7
"2018-01-04 10:34:00",14506.62
"2018-01-04 10:35:00",14505.32
"2018-01-04 10:36:00",14517.17
"2018-01-04 10:37:00",14537.14
"2018-01-04 10:38:00",14540.19
"2018-01-04 10:39:00",14543.75
"2018-01-04 10:40:00",14559.38
"2018-01-04 10:41:00",14561.96
"2018-01-04 10:42:00",14567.85
"2018-01-04 10:43:00",14593.15
"2018-01-04 10:44:00",14599.73
"2018-01-04 10:45:00",14631.69
"2018-01-04 10:46:00",14630.42
"2018-01-04 10:47:00",14616.74
"2018-01-04 10:48:00",14630.24
"2018-01-04 10:49:00",14639.13
"2018-01-04 10:50:00",14634.85
"2018-01-04 10:51:00",14625.02
"2018-01-04 10:52:00",14613.02
"2018-01-04 10:53:00",14584.21
"2018-01-04 10:54:00",14561.98
"2018-01-04 10:55:00",14516.04
"2018-01-04 10:56:00",14508.77
"2018-01-04 10:57:00",14493.57
"2018-01-04 10:58:00",14491.04
"2018-01-04 10:59:00",14491.27
"2018-01-04 11:00:00",14464.14
"2018-01-04 11:01:00",14464.56
"2018-01-04 11:02:00",14479.14
"2018-01-04 11:03:00",14473.38
"2018-01-04 11:04:00",14477.81
"2018-01-04 11:05:00",14438.98
"2018-01-04 11:06:00",14414.7
"2018-01-04 11:07:00",14404.98
"2018-01-04 11:08:00",14405.46
"2018-01-04 11:09:00",14407.87
"2018-01-04 11:10:00",14407.09
"2018-01-04 11:11:00",14393.42
"2018-01-04 11:12:00",14358.53
"2018-01-04 11:13:00",14346.26
"2018-01-04 11:14:00",14356.32
"2018-01-04 11:15:00",14359.59
"2018-01-04 11:16:00",14360.33
"2018-01-04 11:17:00",14373.39
"2018-01-04 11:18:00",14401.68
"2018-01-04 11:19:00",14420.15
"2018-01-04 11:20:00",14424.67
"2018-01-04 11:21:00",14419.29
"2018-01-04 11:22:00",14410.24
"2018-01-04 11:23:00",14411.12
"2018-01-04 11:24:00",14415.88
"2018-01-04 11:25:00",14422.54
"2018-01-04 11:26:00",14423.1
"2018-01-04 11:27:00",14429.24
"2018-01-04 11:28:00",14457.93
"2018-01-04 11:29:00",14468.94
"2018-01-04 11:30:00",14472.31
"2018-01-04 11:31:00",14501.48
"2018-01-04 11:32:00",14511.18
"2018-01-04 11:33:00",14530.32
"2018-01-04 11:34:00",14524.16
"2018-01-04 11:35:00",14518.2
"2018-01-04 11:36:00",14516.93
"2018-01-04 11:37:00",14482.12
"2018-01-04 11:38:00",14488.02
"2018-01-04 11:39:00",14489.2
"2018-01-04 11:40:00",14475.68
"2018-01-04 11:41:00",14473.43
"2018-01-04 11:42:00",14492.05
"2018-01-04 11:43:00",14498.93
"2018-01-04 11:44:00",14516.19
"2018-01-04 11:45:00",14528.1
"2018-01-04 11:46:00",14552.61
"2018-01-04 11:47:00",14548.08
"2018-01-04 11:48:00",14570.06
"2018-01-04 11:49:00",14575.94
"2018-01-04 11:50:00",14579.1
"2018-01-04 11:51:00",14580.38
"2018-01-04 11:52:00",14575.63
"2018-01-04 11:53:00",14571.97
"2018-01-04 11:54:00",14576.89
"2018-01-04 11:55:00",14579.26
"2018-01-04 11:56:00",14567.29
"2018-01-04 11:57:00",14569.43
"2018-01-04 11:58:00",14566.62
"2018-01-04 11:59:00",14571.48
"2018-01-04 12:00:00",14571.2
"2018-01-04 12:01:00",14582.52
"2018-01-04 12:02:00",14582.91
"2018-01-04 12:03:00",14586.94
"2018-01-04 12:04:00",14587.87
"2018-01-04 12:05:00",14588.04
"2018-01-04 12:06:00",14584.96
"2018-01-04 12:07:00",14586.78
"2018-01-04 12:08:00",14583.66
"2018-01-04 12:09:00",14575.11
"2018-01-04 12:10:00",14575.89
"2018-01-04 12:11:00",14561.84
"2018-01-04 12:12:00",14566.01
"2018-01-04 12:13:00",14567.54
"2018-01-04 12:14:00",14576.1
"2018-01-04 12:15:00",14572.86
"2018-01-04 12:16:00",14573.86
"2018-01-04 12:17:00",14575.25
"2018-01-04 12:18:00",14573.69
"2018-01-04 12:19:00",14581.07
"2018-01-04 12:20:00",14583.94
"2018-01-04 12:21:00",14585.18
"2018-01-04 12:22:00",14593.72
"2018-01-04 12:23:00",14593.22
"2018-01-04 12:24:00",14580.7
"2018-01-04 12:25:00",14546.89
"2018-01-04 12:26:00",14543.06
"2018-01-04 12:27:00",14533.22
"2018-01-04 12:28:00",14513.39
"2018-01-04 12:29:00",14490.36
"2018-01-04 12:30:00",14462.73
"2018-01-04 12:31:00",14458.69
"2018-01-04 12:32:00",14451.42
"2018-01-04 12:33:00",14420.95
"2018-01-04 12:34:00",14425.24
"2018-01-04 12:35:00",14422.5
"2018-01-04 12:36:00",14413.98
"2018-01-04 12:37:00",14381.5
"2018-01-04 12:38:00",14365.35
"2018-01-04 12:39:00",14342.02
"2018-01-04 12:40:00",14332.08
"2018-01-04 12:41:00",14332.21
"2018-01-04 12:42:00",14325.88
"2018-01-04 12:43:00",14329.38
"2018-01-04 12:44:00",14319.61
"2018-01-04 12:45:00",14299.37
"2018-01-04 12:46:00",14302.14
"2018-01-04 12:47:00",14337.23
"2018-01-04 12:48:00",14394.26
"2018-01-04 12:49:00",14423.15
"2018-01-04 12:50:00",14437.81
"2018-01-04 12:51:00",14444.05
"2018-01-04 12:52:00",14445.4
"2018-01-04 12:53:00",14429.65
"2018-01-04 12:54:00",14431.5
"2018-01-04 12:55:00",14448.83
"2018-01-04 12:56:00",14452.55
"2018-01-04 12:57:00",14442.92
"2018-01-04 12:58:00",14421.39
"2018-01-04 12:59:00",14430.76
"2018-01-04 13:00:00",14422.47
"2018-01-04 13:01:00",14423.42
"2018-01-04 13:02:00",14430.31
"2018-01-04 13:03:00",14437.77
"2018-01-04 13:04:00",14460.9
"2018-01-04 13:05:00",14462.29
"2018-01-04 13:06:00",14457.44
"2018-01-04 13:07:00",14467.19
"2018-01-04 13:08:00",14438.64
"2018-01-04 13:09:00",14449.4
"2018-01-04 13:10:00",14453.44
"2018-01-04 13:11:00",14470.53
"2018-01-04 13:12:00",14477.11
"2018-01-04 13:13:00",14472.04
"2018-01-04 13:14:00",14470.69
"2018-01-04 13:15:00",14462.4
"2018-01-04 13:16:00",14477.61
"2018-01-04 13:17:00",14473.43
"2018-01-04 13:18:00",14469.46
"2018-01-04 13:19:00",14470.94
"2018-01-04 13:20:00",14472.73
"2018-01-04 13:21:00",14474.41
"2018-01-04 13:22:00",14483.93
"2018-01-04 13:23:00",14507.48
"2018-01-04 13:24:00",14523.46
"2018-01-04 13:25:00",14529.23
"2018-01-04 13:26:00",14531.7
"2018-01-04 13:27:00",14546.31
"2018-01-04 13:28:00",14574.34
"2018-01-04 13:29:00",14575.9
"2018-01-04 13:30:00",14578.44
"2018-01-04 13:31:00",14593.42
"2018-01-04 13:32:00",14597.97
"2018-01-04 13:33:00",14609.37
"2018-01-04 13:34:00",14612.75
"2018-01-04 13:35:00",14618.71
"2018-01-04 13:36:00",14624.27
"2018-01-04 13:37:00",14597.56
"2018-01-04 13:38:00",14615.78
"2018-01-04 13:39:00",14608.05
"2018-01-04 13:40:00",14599.88
"2018-01-04 13:41:00",14598.99
"2018-01-04 13:42:00",14582.31
"2018-01-04 13:43:00",14561.23
"2018-01-04 13:44:00",14542.67
"2018-01-04 13:45:00",14555.85
"2018-01-04 13:46:00",14553.98
"2018-01-04 13:47:00",14564.99
"2018-01-04 13:48:00",14564.09
"2018-01-04 13:49:00",14565.05
"2018-01-04 13:50:00",14584.11
"2018-01-04 13:51:00",14575.41
"2018-01-04 13:52:00",14549.27
"2018-01-04 13:53:00",14559.5
"2018-01-04 13:54:00",14543.13
"2018-01-04 13:55:00",14556.57
"2018-01-04 13:56:00",14545.01
"2018-01-04 13:57:00",14549.01
"2018-01-04 13:58:00",14560.77
"2018-01-04 13:59:00",14575.52
"2018-01-04 14:00:00",14580
"2018-01-04 14:01:00",14579.53
"2018-01-04 14:02:00",14580.88
"2018-01-04 14:03:00",14595.94
"2018-01-04 14:04:00",14587.91
"2018-01-04 14:05:00",14578.38
"2018-01-04 14:06:00",14556.52
"2018-01-04 14:07:00",14556.65
"2018-01-04 14:08:00",14555.21
"2018-01-04 14:09:00",14554.41
"2018-01-04 14:10:00",14562.5
"2018-01-04 14:11:00",14564.06
"2018-01-04 14:12:00",14560.92
"2018-01-04 14:13:00",14557.04
"2018-01-04 14:14:00",14543.16
"2018-01-04 14:15:00",14541.98
"2018-01-04 14:16:00",14535.99
"2018-01-04 14:17:00",14531.46
"2018-01-04 14:18:00",14530.16
"2018-01-04 14:19:00",14543.22
"2018-01-04 14:20:00",14537.25
"2018-01-04 14:21:00",14541.56
"2018-01-04 14:22:00",14550.71
"2018-01-04 14:23:00",14547.06
"2018-01-04 14:24:00",14557.62
"2018-01-04 14:25:00",14564.94
"2018-01-04 14:26:00",14573.16
"2018-01-04 14:27:00",14566.34
"2018-01-04 14:28:00",14576.65
"2018-01-04 14:29:00",14574.91
"2018-01-04 14:30:00",14577.79
"2018-01-04 14:31:00",14587.09
"2018-01-04 14:32:00",14584.56
"2018-01-04 14:33:00",14579.53
"2018-01-04 14:34:00",14565.95
"2018-01-04 14:35:00",14571.86
"2018-01-04 14:36:00",14560.91
"2018-01-04 14:37:00",14554.95
"2018-01-04 14:38:00",14556.95
"2018-01-04 14:39:00",14574.47
"2018-01-04 14:40:00",14581.37
"2018-01-04 14:41:00",14582.36
"2018-01-04 14:42:00",14575.28
"2018-01-04 14:43:00",14574.85
"2018-01-04 14:44:00",14570.74
"2018-01-04 14:45:00",14578.03
"2018-01-04 14:46:00",14573.76
"2018-01-04 14:47:00",14579.88
"2018-01-04 14:48:00",14581.01
"2018-01-04 14:49:00",14585.37
"2018-01-04 14:50:00",14584.42
"2018-01-04 14:51:00",14591.59
"2018-01-04 14:52:00",14617.85
"2018-01-04 14:53:00",14651.47
"2018-01-04 14:54:00",14679.99
"2018-01-04 14:55:00",14684.43
"2018-01-04 14:56:00",14672.72
"2018-01-04 14:57:00",14662.89
"2018-01-04 14:58:00",14639.33
"2018-01-04 14:59:00",14644.84
"2018-01-04 15:00:00",14628.24
"2018-01-04 15:01:00",14624.81
"2018-01-04 15:02:00",14613.86
"2018-01-04 15:03:00",14632.02
"2018-01-04 15:04:00",14640.52
"2018-01-04 15:05:00",14650.46
"2018-01-04 15:06:00",14620.73
"2018-01-04 15:07:00",14624.4
"2018-01-04 15:08:00",14632.49
"2018-01-04 15:09:00",14620.45
"2018-01-04 15:10:00",14608.99
"2018-01-04 15:11:00",14623.59
"2018-01-04 15:12:00",14631.43
"2018-01-04 15:13:00",14623.12
"2018-01-04 15:14:00",14640.49
"2018-01-04 15:15:00",14644.78
"2018-01-04 15:16:00",14655.69
"2018-01-04 15:17:00",14642.64
"2018-01-04 15:18:00",14619.44
"2018-01-04 15:19:00",14623.63
"2018-01-04 15:20:00",14627.44
"2018-01-04 15:21:00",14642.34
"2018-01-04 15:22:00",14646.14
"2018-01-04 15:23:00",14642.92
"2018-01-04 15:24:00",14621.25
"2018-01-04 15:25:00",14591.02
"2018-01-04 15:26:00",14557.58
"2018-01-04 15:27:00",14546.21
"2018-01-04 15:28:00",14549.08
"2018-01-04 15:29:00",14544.98
"2018-01-04 15:30:00",14533.77
"2018-01-04 15:31:00",14532.88
"2018-01-04 15:32:00",14545.51
"2018-01-04 15:33:00",14558.39
"2018-01-04 15:34:00",14565.84
"2018-01-04 15:35:00",14537.1
"2018-01-04 15:36:00",14537.6
"2018-01-04 15:37:00",14533.61
"2018-01-04 15:38:00",14536.03
"2018-01-04 15:39:00",14540.77
"2018-01-04 15:40:00",14535.8
"2018-01-04 15:41:00",14540.48
"2018-01-04 15:42:00",14554.2
"2018-01-04 15:43:00",14579.91
"2018-01-04 15:44:00",14593.13
"2018-01-04 15:45:00",14589.83
"2018-01-04 15:46:00",14581.15
"2018-01-04 15:47:00",14572.73
"2018-01-04 15:48:00",14564.77
"2018-01-04 15:49:00",14558.82
"2018-01-04 15:50:00",14540.13
"2018-01-04 15:51:00",14540.92
"2018-01-04 15:52:00",14539.4
"2018-01-04 15:53:00",14528.18
"2018-01-04 15:54:00",14537.21
"2018-01-04 15:55:00",14545.71
"2018-01-04 15:56:00",14560.91
"2018-01-04 15:57:00",14559.02
"2018-01-04 15:58:00",14559.09
"2018-01-04 15:59:00",14564.42
"2018-01-04 16:00:00",14563.06
"2018-01-04 16:01:00",14555.17
"2018-01-04 16:02:00",14548.81
"2018-01-04 16:03:00",14541.09
"2018-01-04 16:04:00",14522.66
"2018-01-04 16:05:00",14501.16
"2018-01-04 16:06:00",14498
"2018-01-04 16:07:00",14491.84
"2018-01-04 16:08:00",14491.54
"2018-01-04 16:09:00",14508.45
"2018-01-04 16:10:00",14503.75
"2018-01-04 16:11:00",14488.33
"2018-01-04 16:12:00",14488.51
"2018-01-04 16:13:00",14474.7
"2018-01-04 16:14:00",14466.12
"2018-01-04 16:15:00",14454.27
"2018-01-04 16:16:00",14452.39
"2018-01-04 16:17:00",14452.94
"2018-01-04 16:18:00",14450.8
"2018-01-04 16:19:00",14471.02
"2018-01-04 16:20:00",14478.22
"2018-01-04 16:21:00",14501.85
"2018-01-04 16:22:00",14503.38
"2018-01-04 16:23:00",14505.86
"2018-01-04 16:24:00",14514.97
"2018-01-04 16:25:00",14510.65
"2018-01-04 16:26:00",14511.27
"2018-01-04 16:27:00",14512.89
"2018-01-04 16:28:00",14524.18
"2018-01-04 16:29:00",14527.38
"2018-01-04 16:30:00",14534.98
"2018-01-04 16:31:00",14537.52
"2018-01-04 16:32:00",14537.88
"2018-01-04 16:33:00",14534.42
"2018-01-04 16:34:00",14550.71
"2018-01-04 16:35:00",14566.25
"2018-01-04 16:36:00",14562.94
"2018-01-04 16:37:00",14568.09
"2018-01-04 16:38:00",14563.83
"2018-01-04 16:39:00",14558.69
"2018-01-04 16:40:00",14562.42
"2018-01-04 16:41:00",14565.15
"2018-01-04 16:42:00",14569.91
"2018-01-04 16:43:00",14567.6
"2018-01-04 16:44:00",14564.36
"2018-01-04 16:45:00",14553.43
"2018-01-04 16:46:00",14552.41
"2018-01-04 16:47:00",14553.84
"2018-01-04 16:48:00",14570.73
"2018-01-04 16:49:00",14588.57
"2018-01-04 16:50:00",14589.28
"2018-01-04 16:51:00",14586.21
"2018-01-04 16:52:00",14591.5
"2018-01-04 16:53:00",14579.14
"2018-01-04 16:54:00",14573.53
"2018-01-04 16:55:00",14587.84
"2018-01-04 16:56:00",14594.59
"2018-01-04 16:57:00",14594.35
"2018-01-04 16:58:00",14593.11
"2018-01-04 16:59:00",14594.78
"2018-01-04 17:00:00",14579.16
"2018-01-04 17:01:00",14576.92
"2018-01-04 17:02:00",14575.56
"2018-01-04 17:03:00",14570.16
"2018-01-04 17:04:00",14564.18
"2018-01-04 17:05:00",14584.24
"2018-01-04 17:06:00",14596.69
"2018-01-04 17:07:00",14596.16
"2018-01-04 17:08:00",14598.34
"2018-01-04 17:09:00",14624.12
"2018-01-04 17:10:00",14641.67
"2018-01-04 17:11:00",14643.6
"2018-01-04 17:12:00",14641.38
"2018-01-04 17:13:00",14636.23
"2018-01-04 17:14:00",14659.51
"2018-01-04 17:15:00",14661.45
"2018-01-04 17:16:00",14662.79
"2018-01-04 17:17:00",14671.45
"2018-01-04 17:18:00",14676.92
"2018-01-04 17:19:00",14696.43
"2018-01-04 17:20:00",14685.08
"2018-01-04 17:21:00",14685.27
"2018-01-04 17:22:00",14685.14
"2018-01-04 17:23:00",14682.98
"2018-01-04 17:24:00",14678.11
"2018-01-04 17:25:00",14675.33
"2018-01-04 17:26:00",14682.58
"2018-01-04 17:27:00",14680.2
"2018-01-04 17:28:00",14690.62
"2018-01-04 17:29:00",14700.63
"2018-01-04 17:30:00",14721.12
"2018-01-04 17:31:00",14719.98
"2018-01-04 17:32:00",14724.53
"2018-01-04 17:33:00",14696.57
"2018-01-04 17:34:00",14682.65
"2018-01-04 17:35:00",14689.53
"2018-01-04 17:36:00",14679.91
"2018-01-04 17:37:00",14686.04
"2018-01-04 17:38:00",14691.24
"2018-01-04 17:39:00",14704.21
"2018-01-04 17:40:00",14709.9
"2018-01-04 17:41:00",14704.96
"2018-01-04 17:42:00",14704.56
"2018-01-04 17:43:00",14701.56
"2018-01-04 17:44:00",14707.05
"2018-01-04 17:45:00",14708.58
"2018-01-04 17:46:00",14701.15
"2018-01-04 17:47:00",14688.72
"2018-01-04 17:48:00",14683.82
"2018-01-04 17:49:00",14687.38
"2018-01-04 17:50:00",14692.87
"2018-01-04 17:51:00",14700.47
"2018-01-04 17:52:00",14698.05
"2018-01-04 17:53:00",14696.65
"2018-01-04 17:54:00",14690.71
"2018-01-04 17:55:00",14694.18
"2018-01-04 17:56:00",14699.59
"2018-01-04 17:57:00",14711.61
"2018-01-04 17:58:00",14712.94
"2018-01-04 17:59:00",14713.01
"2018-01-04 18:00:00",14713.61
"2018-01-04 18:01:00",14716.03
"2018-01-04 18:02:00",14717.9
"2018-01-04 18:03:00",14727.91
"2018-01-04 18:04:00",14735.29
"2018-01-04 18:05:00",14751.01
"2018-01-04 18:06:00",14779.59
"2018-01-04 18:07:00",14792.53
"2018-01-04 18:08:00",14816.74
"2018-01-04 18:09:00",14846.25
"2018-01-04 18:10:00",14875.37
"2018-01-04 18:11:00",14890.81
"2018-01-04 18:12:00",14880.27
"2018-01-04 18:13:00",14882.05
"2018-01-04 18:14:00",14913.27
"2018-01-04 18:15:00",14922.78
"2018-01-04 18:16:00",14903.35
"2018-01-04 18:17:00",14895.35
"2018-01-04 18:18:00",14917.57
"2018-01-04 18:19:00",14921.98
"2018-01-04 18:20:00",14916.51
"2018-01-04 18:21:00",14903.95
"2018-01-04 18:22:00",14887.77
"2018-01-04 18:23:00",14879.73
"2018-01-04 18:24:00",14853.9
"2018-01-04 18:25:00",14835.65
"2018-01-04 18:26:00",14823.44
"2018-01-04 18:27:00",14835.96
"2018-01-04 18:28:00",14849.77
"2018-01-04 18:29:00",14848.74
"2018-01-04 18:30:00",14849.1
"2018-01-04 18:31:00",14867.55
"2018-01-04 18:32:00",14873.12
"2018-01-04 18:33:00",14865.45
"2018-01-04 18:34:00",14860.17
"2018-01-04 18:35:00",14864.51
"2018-01-04 18:36:00",14851.72
"2018-01-04 18:37:00",14863.5
"2018-01-04 18:38:00",14864.98
"2018-01-04 18:39:00",14862.85
"2018-01-04 18:40:00",14864.59
"2018-01-04 18:41:00",14863.18
"2018-01-04 18:42:00",14862.71
"2018-01-04 18:43:00",14859.22
"2018-01-04 18:44:00",14850.75
"2018-01-04 18:45:00",14848.67
"2018-01-04 18:46:00",14847.88
"2018-01-04 18:47:00",14853.63
"2018-01-04 18:48:00",14841.04
"2018-01-04 18:49:00",14835.48
"2018-01-04 18:50:00",14840.28
"2018-01-04 18:51:00",14848.52
"2018-01-04 18:52:00",14845.2
"2018-01-04 18:53:00",14844.23
"2018-01-04 18:54:00",14828.7
"2018-01-04 18:55:00",14827.54
"2018-01-04 18:56:00",14823.51
"2018-01-04 18:57:00",14822.53
"2018-01-04 18:58:00",14823.85
"2018-01-04 18:59:00",14825.43
"2018-01-04 19:00:00",14804.81
"2018-01-04 19:01:00",14799.23
"2018-01-04 19:02:00",14789.6
"2018-01-04 19:03:00",14793.31
"2018-01-04 19:04:00",14798.81
"2018-01-04 19:05:00",14801.95
"2018-01-04 19:06:00",14792.27
"2018-01-04 19:07:00",14802.03
"2018-01-04 19:08:00",14801.7
"2018-01-04 19:09:00",14804.85
"2018-01-04 19:10:00",14804.19
"2018-01-04 19:11:00",14818.2
"2018-01-04 19:12:00",14810.61
"2018-01-04 19:13:00",14819.9
"2018-01-04 19:14:00",14853.06
"2018-01-04 19:15:00",14848.86
"2018-01-04 19:16:00",14861.78
"2018-01-04 19:17:00",14852.27
"2018-01-04 19:18:00",14861.12
"2018-01-04 19:19:00",14859.05
"2018-01-04 19:20:00",14855.82
"2018-01-04 19:21:00",14843.66
"2018-01-04 19:22:00",14857.32
"2018-01-04 19:23:00",14859.27
"2018-01-04 19:24:00",14870.54
"2018-01-04 19:25:00",14868.31
"2018-01-04 19:26:00",14868.95
"2018-01-04 19:27:00",14862.81
"2018-01-04 19:28:00",14864.87
"2018-01-04 19:29:00",14870.42
"2018-01-04 19:30:00",14885.84
"2018-01-04 19:31:00",14893.86
"2018-01-04 19:32:00",14888.45
"2018-01-04 19:33:00",14893.9
"2018-01-04 19:34:00",14896.59
"2018-01-04 19:35:00",14903.86
"2018-01-04 19:36:00",14908.37
"2018-01-04 19:37:00",14929.02
"2018-01-04 19:38:00",14939.66
"2018-01-04 19:39:00",14949.51
"2018-01-04 19:40:00",14959.9
"2018-01-04 19:41:00",14964.29
"2018-01-04 19:42:00",14958.07
"2018-01-04 19:43:00",14949.61
"2018-01-04 19:44:00",14937
"2018-01-04 19:45:00",14957.6
"2018-01-04 19:46:00",14962.31
"2018-01-04 19:47:00",14969.58
"2018-01-04 19:48:00",14971.98
"2018-01-04 19:49:00",14976.05
"2018-01-04 19:50:00",14990.67
"2018-01-04 19:51:00",15009.48
"2018-01-04 19:52:00",15011.26
"2018-01-04 19:53:00",15003.91
"2018-01-04 19:54:00",15011.13
"2018-01-04 19:55:00",15002.04
"2018-01-04 19:56:00",14983.21
"2018-01-04 19:57:00",14978.02
"2018-01-04 19:58:00",15005.86
"2018-01-04 19:59:00",15003.01
"2018-01-04 20:00:00",14991.43
"2018-01-04 20:01:00",15005.55
"2018-01-04 20:02:00",15006.55
"2018-01-04 20:03:00",15006.63
"2018-01-04 20:04:00",15006.5
"2018-01-04 20:05:00",14995.24
"2018-01-04 20:06:00",14993.12
"2018-01-04 20:07:00",14988.56
"2018-01-04 20:08:00",15004.84
"2018-01-04 20:09:00",15004.47
"2018-01-04 20:10:00",15010.69
"2018-01-04 20:11:00",15040.99
"2018-01-04 20:12:00",15065.24
"2018-01-04 20:13:00",15069.36
"2018-01-04 20:14:00",15069.81
"2018-01-04 20:15:00",15045.91
"2018-01-04 20:16:00",15039.09
"2018-01-04 20:17:00",15044.92
"2018-01-04 20:18:00",15043.28
"2018-01-04 20:19:00",15037.25
"2018-01-04 20:20:00",15034.71
"2018-01-04 20:21:00",15040.23
"2018-01-04 20:22:00",15059.73
"2018-01-04 20:23:00",15058.08
"2018-01-04 20:24:00",15041.65
"2018-01-04 20:25:00",15061.02
"2018-01-04 20:26:00",15070.85
"2018-01-04 20:27:00",15074.24
"2018-01-04 20:28:00",15078.31
"2018-01-04 20:29:00",15085.19
"2018-01-04 20:30:00",15083.84
"2018-01-04 20:31:00",15081.56
"2018-01-04 20:32:00",15063.75
"2018-01-04 20:33:00",15046.47
"2018-01-04 20:34:00",15030.32
"2018-01-04 20:35:00",15018.33
"2018-01-04 20:36:00",15022.62
"2018-01-04 20:37:00",15031.5
"2018-01-04 20:38:00",15027.93
"2018-01-04 20:39:00",15025.02
"2018-01-04 20:40:00",15024.25
"2018-01-04 20:41:00",15029.73
"2018-01-04 20:42:00",15043.6
"2018-01-04 20:43:00",15041.04
"2018-01-04 20:44:00",15049.94
"2018-01-04 20:45:00",15056.89
"2018-01-04 20:46:00",15047.73
"2018-01-04 20:47:00",15043.73
"2018-01-04 20:48:00",15036.32
"2018-01-04 20:49:00",15031.31
"2018-01-04 20:50:00",15012.96
"2018-01-04 20:51:00",14997.96
"2018-01-04 20:52:00",14955.92
"2018-01-04 20:53:00",14924.89
"2018-01-04 20:54:00",14888.18
"2018-01-04 20:55:00",14880.51
"2018-01-04 20:56:00",14890.72
"2018-01-04 20:57:00",14905.67
"2018-01-04 20:58:00",14879.24
"2018-01-04 20:59:00",14861.4
"2018-01-04 21:00:00",14872.89
"2018-01-04 21:01:00",14875.79
"2018-01-04 21:02:00",14878.65
"2018-01-04 21:03:00",14879.32
"2018-01-04 21:04:00",14886.68
"2018-01-04 21:05:00",14887.81
"2018-01-04 21:06:00",14902.65
"2018-01-04 21:07:00",14913.87
"2018-01-04 21:08:00",14931.64
"2018-01-04 21:09:00",14945.31
"2018-01-04 21:10:00",14936.15
"2018-01-04 21:11:00",14919.31
"2018-01-04 21:12:00",14915.84
"2018-01-04 21:13:00",14909.01
"2018-01-04 21:14:00",14905.09
"2018-01-04 21:15:00",14885.46
"2018-01-04 21:16:00",14861.04
"2018-01-04 21:17:00",14879.63
"2018-01-04 21:18:00",14881.44
"2018-01-04 21:19:00",14914.07
"2018-01-04 21:20:00",14922.4
"2018-01-04 21:21:00",14931.95
"2018-01-04 21:22:00",14945.72
"2018-01-04 21:23:00",14952.95
"2018-01-04 21:24:00",14962.64
"2018-01-04 21:25:00",14995
"2018-01-04 21:26:00",14995.93
"2018-01-04 21:27:00",15012.01
"2018-01-04 21:28:00",15015.42
"2018-01-04 21:29:00",15027.36
"2018-01-04 21:30:00",15017.45
"2018-01-04 21:31:00",15022.78
"2018-01-04 21:32:00",15018.21
"2018-01-04 21:33:00",15005.98
"2018-01-04 21:34:00",15002.81
"2018-01-04 21:35:00",15008.56
"2018-01-04 21:36:00",15008.45
"2018-01-04 21:37:00",15011.14
"2018-01-04 21:38:00",15005.32
"2018-01-04 21:39:00",15004.54
"2018-01-04 21:40:00",15001.13
"2018-01-04 21:41:00",15003.88
"2018-01-04 21:42:00",15009.85
"2018-01-04 21:43:00",15005.38
"2018-01-04 21:44:00",15015.18
"2018-01-04 21:45:00",15025.07
"2018-01-04 21:46:00",15024.02
"2018-01-04 21:47:00",15031.72
"2018-01-04 21:48:00",15033.73
"2018-01-04 21:49:00",15030.25
"2018-01-04 21:50:00",15022.38
"2018-01-04 21:51:00",14994.41
"2018-01-04 21:52:00",14988.98
"2018-01-04 21:53:00",14975.79
"2018-01-04 21:54:00",14960.13
"2018-01-04 21:55:00",14957.71
"2018-01-04 21:56:00",14942.59
"2018-01-04 21:57:00",14925.4
"2018-01-04 21:58:00",14923.79
"2018-01-04 21:59:00",14920.97
"2018-01-04 22:00:00",14921.38
"2018-01-04 22:01:00",14914.57
"2018-01-04 22:02:00",14916.48
"2018-01-04 22:03:00",14919.11
"2018-01-04 22:04:00",14916.36
"2018-01-04 22:05:00",14913.21
"2018-01-04 22:06:00",14919.01
"2018-01-04 22:07:00",14918.03
"2018-01-04 22:08:00",14917.76
"2018-01-04 22:09:00",14925.99
"2018-01-04 22:10:00",14933.45
"2018-01-04 22:11:00",14942.7
"2018-01-04 22:12:00",14941.71
"2018-01-04 22:13:00",14924.6
"2018-01-04 22:14:00",14904.11
"2018-01-04 22:15:00",14891.76
"2018-01-04 22:16:00",14897.58
"2018-01-04 22:17:00",14891.99
"2018-01-04 22:18:00",14891.77
"2018-01-04 22:19:00",14881.5
"2018-01-04 22:20:00",14869.83
"2018-01-04 22:21:00",14870.59
"2018-01-04 22:22:00",14875.22
"2018-01-04 22:23:00",14874.79
"2018-01-04 22:24:00",14863.48
"2018-01-04 22:25:00",14867.95
"2018-01-04 22:26:00",14878.13
"2018-01-04 22:27:00",14877.41
"2018-01-04 22:28:00",14887.23
"2018-01-04 22:29:00",14889.8
"2018-01-04 22:30:00",14902.5
"2018-01-04 22:31:00",14913.81
"2018-01-04 22:32:00",14902.18
"2018-01-04 22:33:00",14894.83
"2018-01-04 22:34:00",14891.61
"2018-01-04 22:35:00",14892.18
"2018-01-04 22:36:00",14894.01
"2018-01-04 22:37:00",14906.45
"2018-01-04 22:38:00",14901.52
"2018-01-04 22:39:00",14904.13
"2018-01-04 22:40:00",14915.32
"2018-01-04 22:41:00",14914.27
"2018-01-04 22:42:00",14925.92
"2018-01-04 22:43:00",14938.18
"2018-01-04 22:44:00",14965.26
"2018-01-04 22:45:00",14971.62
"2018-01-04 22:46:00",14988.89
"2018-01-04 22:47:00",15009.93
"2018-01-04 22:48:00",15020.06
"2018-01-04 22:49:00",15020.39
"2018-01-04 22:50:00",15045.37
"2018-01-04 22:51:00",15057.46
"2018-01-04 22:52:00",15064.56
"2018-01-04 22:53:00",15068.95
"2018-01-04 22:54:00",15071.8
"2018-01-04 22:55:00",15070.8
"2018-01-04 22:56:00",15076.4
"2018-01-04 22:57:00",15065.73
"2018-01-04 22:58:00",15053.71
"2018-01-04 22:59:00",15042.5
"2018-01-04 23:00:00",15038.53
"2018-01-04 23:01:00",15036.14
"2018-01-04 23:02:00",15027.49
"2018-01-04 23:03:00",15036.26
"2018-01-04 23:04:00",15040.42
"2018-01-04 23:05:00",15033.25
"2018-01-04 23:06:00",15031.52
"2018-01-04 23:07:00",15027.24
"2018-01-04 23:08:00",15007.45
"2018-01-04 23:09:00",15004.94
"2018-01-04 23:10:00",15006.22
"2018-01-04 23:11:00",15006.61
"2018-01-04 23:12:00",15007.31
"2018-01-04 23:13:00",14995.14
"2018-01-04 23:14:00",14998
"2018-01-04 23:15:00",14999.22
"2018-01-04 23:16:00",15008.07
"2018-01-04 23:17:00",15001.14
"2018-01-04 23:18:00",14993.38
"2018-01-04 23:19:00",14996.25
"2018-01-04 23:20:00",15007.11
"2018-01-04 23:21:00",15013.69
"2018-01-04 23:22:00",15013.12
"2018-01-04 23:23:00",15013.08
"2018-01-04 23:24:00",15006.22
"2018-01-04 23:25:00",15003.46
"2018-01-04 23:26:00",14997.83
"2018-01-04 23:27:00",15006.61
"2018-01-04 23:28:00",15014.2
"2018-01-04 23:29:00",15029.57
"2018-01-04 23:30:00",15022.89
"2018-01-04 23:31:00",15018.14
"2018-01-04 23:32:00",15020.24
"2018-01-04 23:33:00",15029.13
"2018-01-04 23:34:00",15038.72
"2018-01-04 23:35:00",15038.75
"2018-01-04 23:36:00",15035.42
"2018-01-04 23:37:00",15042.18
"2018-01-04 23:38:00",15041.29
"2018-01-04 23:39:00",15043.09
"2018-01-04 23:40:00",15053.43
"2018-01-04 23:41:00",15066.21
"2018-01-04 23:42:00",15073.62
"2018-01-04 23:43:00",15078.5
"2018-01-04 23:44:00",15079.68
"2018-01-04 23:45:00",15068.98
"2018-01-04 23:46:00",15072.18
"2018-01-04 23:47:00",15062.97
"2018-01-04 23:48:00",15067.63
"2018-01-04 23:49:00",15063.85
"2018-01-04 23:50:00",15075.76
"2018-01-04 23:51:00",15093.73
"2018-01-04 23:52:00",15128.44
"2018-01-04 23:53:00",15161.96
"2018-01-04 23:54:00",15177.83
"2018-01-04 23:55:00",15175.24
"2018-01-04 23:56:00",15174.01
"2018-01-04 23:57:00",15169
"2018-01-04 23:58:00",15158.3
"2018-01-04 23:59:00",15146.84
"2018-01-05 00:01:00",15166.66
"2018-01-05 00:02:00",15160.77
"2018-01-05 00:03:00",15142.12
"2018-01-05 00:04:00",15113.94
"2018-01-05 00:05:00",15076.39
"2018-01-05 00:06:00",15067.24
"2018-01-05 00:07:00",15042.07
"2018-01-05 00:08:00",15028.41
"2018-01-05 00:09:00",15036.08
"2018-01-05 00:10:00",15026.79
"2018-01-05 00:11:00",15023.12
"2018-01-05 00:12:00",15029.55
"2018-01-05 00:13:00",15022.76
"2018-01-05 00:14:00",15017.77
"2018-01-05 00:15:00",15013.41
"2018-01-05 00:16:00",14969.95
"2018-01-05 00:17:00",14975.7
"2018-01-05 00:18:00",14973.64
"2018-01-05 00:19:00",14969.61
"2018-01-05 00:20:00",14963.1
"2018-01-05 00:21:00",14955.61
"2018-01-05 00:22:00",14951.11
"2018-01-05 00:23:00",14966.94
"2018-01-05 00:24:00",14971.94
"2018-01-05 00:25:00",14994.53
"2018-01-05 00:26:00",14988.49
"2018-01-05 00:27:00",14996.06
"2018-01-05 00:28:00",15011.02
"2018-01-05 00:29:00",15000.68
"2018-01-05 00:30:00",14991.39
"2018-01-05 00:31:00",15004.76
"2018-01-05 00:32:00",15007.65
"2018-01-05 00:33:00",15026.94
"2018-01-05 00:34:00",15039.55
"2018-01-05 00:35:00",15043.08
"2018-01-05 00:36:00",15018.93
"2018-01-05 00:37:00",15028.08
"2018-01-05 00:38:00",15035.44
"2018-01-05 00:39:00",15056.63
"2018-01-05 00:40:00",15045.79
"2018-01-05 00:41:00",15031.17
"2018-01-05 00:42:00",15031.56
"2018-01-05 00:43:00",15025.9
"2018-01-05 00:44:00",15028.2
"2018-01-05 00:45:00",15023.26
"2018-01-05 00:46:00",15043.25
"2018-01-05 00:47:00",15033.9
"2018-01-05 00:48:00",15034.61
"2018-01-05 00:49:00",15040.9
"2018-01-05 00:50:00",15045.65
"2018-01-05 00:51:00",15048.02
"2018-01-05 00:52:00",15050.31
"2018-01-05 00:53:00",15047.16
"2018-01-05 00:54:00",15039.97
"2018-01-05 00:55:00",15041.73
"2018-01-05 00:56:00",15042.92
"2018-01-05 00:57:00",15019.68
"2018-01-05 00:58:00",15034.43
"2018-01-05 00:59:00",15029.11
"2018-01-05 01:00:00",15035.86
"2018-01-05 01:01:00",15028.49
"2018-01-05 01:02:00",15030.37
"2018-01-05 01:03:00",15025.46
"2018-01-05 01:04:00",15034.8
"2018-01-05 01:05:00",15045.68
"2018-01-05 01:06:00",15058.95
"2018-01-05 01:07:00",15061.87
"2018-01-05 01:08:00",15064.09
"2018-01-05 01:09:00",15065.63
"2018-01-05 01:10:00",15052.67
"2018-01-05 01:11:00",15043.69
"2018-01-05 01:12:00",15041.45
"2018-01-05 01:13:00",15019.62
"2018-01-05 01:14:00",15025.06
"2018-01-05 01:15:00",15038.07
"2018-01-05 01:16:00",15032.97
"2018-01-05 01:17:00",15034.06
"2018-01-05 01:18:00",15038.65
"2018-01-05 01:19:00",15059.06
"2018-01-05 01:20:00",15052.28
"2018-01-05 01:21:00",15045.14
"2018-01-05 01:22:00",15059.85
"2018-01-05 01:23:00",15068.46
"2018-01-05 01:24:00",15056.23
"2018-01-05 01:25:00",15052.2
"2018-01-05 01:26:00",15052.31
"2018-01-05 01:27:00",15025.21
"2018-01-05 01:28:00",15025.81
"2018-01-05 01:29:00",15017.92
"2018-01-05 01:30:00",15022.21
"2018-01-05 01:31:00",15023.2
"2018-01-05 01:32:00",15027.5
"2018-01-05 01:33:00",15030.96
"2018-01-05 01:34:00",15026.18
"2018-01-05 01:35:00",15032.29
"2018-01-05 01:36:00",15035.27
"2018-01-05 01:37:00",15036.91
"2018-01-05 01:38:00",15041.16
"2018-01-05 01:39:00",15041.66
"2018-01-05 01:40:00",15052.74
"2018-01-05 01:41:00",15084.47
"2018-01-05 01:42:00",15093.67
"2018-01-05 01:43:00",15081.3
"2018-01-05 01:44:00",15072.16
"2018-01-05 01:45:00",15097.01
"2018-01-05 01:46:00",15097.48
"2018-01-05 01:47:00",15108.51
"2018-01-05 01:48:00",15105.86
"2018-01-05 01:49:00",15075.73
"2018-01-05 01:50:00",15064.67
"2018-01-05 01:51:00",15071.44
"2018-01-05 01:52:00",15074.89
"2018-01-05 01:53:00",15073.93
"2018-01-05 01:54:00",15083.03
"2018-01-05 01:55:00",15087.7
"2018-01-05 01:56:00",15092.57
"2018-01-05 01:57:00",15090.47
"2018-01-05 01:58:00",15079.26
"2018-01-05 01:59:00",15077.07
"2018-01-05 02:00:00",15074.92
"2018-01-05 02:01:00",15073.32
"2018-01-05 02:02:00",15064.74
"2018-01-05 02:03:00",15067.67
"2018-01-05 02:04:00",15072.2
"2018-01-05 02:05:00",15077.1
"2018-01-05 02:06:00",15092.78
"2018-01-05 02:07:00",15123.1
"2018-01-05 02:08:00",15161.77
"2018-01-05 02:09:00",15159.3
"2018-01-05 02:10:00",15156.82
"2018-01-05 02:11:00",15153.81
"2018-01-05 02:12:00",15153.62
"2018-01-05 02:13:00",15148.66
"2018-01-05 02:14:00",15149.08
"2018-01-05 02:15:00",15143.95
"2018-01-05 02:16:00",15144.25
"2018-01-05 02:17:00",15143.85
"2018-01-05 02:18:00",15153.52
"2018-01-05 02:19:00",15156.63
"2018-01-05 02:20:00",15151.41
"2018-01-05 02:21:00",15155.78
"2018-01-05 02:22:00",15175.03
"2018-01-05 02:23:00",15194.41
"2018-01-05 02:24:00",15183.25
"2018-01-05 02:25:00",15178.62
"2018-01-05 02:26:00",15185.02
"2018-01-05 02:27:00",15179.35
"2018-01-05 02:28:00",15159.87
"2018-01-05 02:29:00",15155.84
"2018-01-05 02:30:00",15152.01
"2018-01-05 02:31:00",15141.32
"2018-01-05 02:32:00",15150.32
"2018-01-05 02:33:00",15138.99
"2018-01-05 02:34:00",15133.59
"2018-01-05 02:35:00",15125.58
"2018-01-05 02:36:00",15149.37
"2018-01-05 02:37:00",15146.18
"2018-01-05 02:38:00",15135.32
"2018-01-05 02:39:00",15141.55
"2018-01-05 02:40:00",15135.12
"2018-01-05 02:41:00",15134.82
"2018-01-05 02:42:00",15122.81
"2018-01-05 02:43:00",15115.85
"2018-01-05 02:44:00",15119.32
"2018-01-05 02:45:00",15124.5
"2018-01-05 02:46:00",15146.9
"2018-01-05 02:47:00",15148.62
"2018-01-05 02:48:00",15150.27
"2018-01-05 02:49:00",15159.03
"2018-01-05 02:50:00",15150.9
"2018-01-05 02:51:00",15143.51
"2018-01-05 02:52:00",15127.16
"2018-01-05 02:53:00",15122.61
"2018-01-05 02:54:00",15124.47
"2018-01-05 02:55:00",15125.25
"2018-01-05 02:56:00",15125.52
"2018-01-05 02:57:00",15116.91
"2018-01-05 02:58:00",15112.48
"2018-01-05 02:59:00",15122.14
"2018-01-05 03:00:00",15104.35
"2018-01-05 03:01:00",15099.83
"2018-01-05 03:02:00",15105.62
"2018-01-05 03:03:00",15103.2
"2018-01-05 03:04:00",15083.02
"2018-01-05 03:05:00",15074.79
"2018-01-05 03:06:00",15061.16
"2018-01-05 03:07:00",15063.54
"2018-01-05 03:08:00",15066.27
"2018-01-05 03:09:00",15056.74
"2018-01-05 03:10:00",15055.14
"2018-01-05 03:11:00",15044.35
"2018-01-05 03:12:00",15030
"2018-01-05 03:13:00",15022.94
"2018-01-05 03:14:00",15009.89
"2018-01-05 03:15:00",14994.6
"2018-01-05 03:16:00",14987.4
"2018-01-05 03:17:00",15012.31
"2018-01-05 03:18:00",15041.39
"2018-01-05 03:19:00",15038.11
"2018-01-05 03:20:00",15035.63
"2018-01-05 03:21:00",15020.35
"2018-01-05 03:22:00",15028.96
"2018-01-05 03:23:00",15041.31
"2018-01-05 03:24:00",15036.35
"2018-01-05 03:25:00",15027.48
"2018-01-05 03:26:00",15018.29
"2018-01-05 03:27:00",15013.99
"2018-01-05 03:28:00",15013.57
"2018-01-05 03:29:00",14998.95
"2018-01-05 03:30:00",14988.92
"2018-01-05 03:31:00",14982.53
"2018-01-05 03:32:00",14966.09
"2018-01-05 03:33:00",14947.75
"2018-01-05 03:34:00",14943.38
"2018-01-05 03:35:00",14953.09
"2018-01-05 03:36:00",14953.42
"2018-01-05 03:37:00",14965.77
"2018-01-05 03:38:00",14984.37
"2018-01-05 03:39:00",14989.8
"2018-01-05 03:40:00",15004.11
"2018-01-05 03:41:00",15002.78
"2018-01-05 03:42:00",14999.63
"2018-01-05 03:43:00",15003.04
"2018-01-05 03:44:00",14996.69
"2018-01-05 03:45:00",14968.25
"2018-01-05 03:46:00",14980.45
"2018-01-05 03:47:00",14982.55
"2018-01-05 03:48:00",14988.93
"2018-01-05 03:49:00",15001.97
"2018-01-05 03:50:00",14998.56
"2018-01-05 03:51:00",14994.34
"2018-01-05 03:52:00",14981.46
"2018-01-05 03:53:00",14973.88
"2018-01-05 03:54:00",14963.27
"2018-01-05 03:55:00",14956.21
"2018-01-05 03:56:00",14958.53
"2018-01-05 03:57:00",14957.83
"2018-01-05 03:58:00",14960.12
"2018-01-05 03:59:00",14956.71
"2018-01-05 04:00:00",14953.85
"2018-01-05 04:01:00",14963.47
"2018-01-05 04:02:00",14977.95
"2018-01-05 04:03:00",14982.16
"2018-01-05 04:04:00",14982.93
"2018-01-05 04:05:00",14984.46
"2018-01-05 04:06:00",14986.87
"2018-01-05 04:07:00",14988.89
"2018-01-05 04:08:00",15007.02
"2018-01-05 04:09:00",15011.75
"2018-01-05 04:10:00",15015.08
"2018-01-05 04:11:00",15014.15
"2018-01-05 04:12:00",15017.84
"2018-01-05 04:13:00",15019.79
"2018-01-05 04:14:00",15011.19
"2018-01-05 04:15:00",15001.88
"2018-01-05 04:16:00",15006.47
"2018-01-05 04:17:00",15012.34
"2018-01-05 04:18:00",15010.36
"2018-01-05 04:19:00",15006.97
"2018-01-05 04:20:00",15002.33
"2018-01-05 04:21:00",15000.68
"2018-01-05 04:22:00",15008.42
"2018-01-05 04:23:00",14993.61
"2018-01-05 04:24:00",14996.57
"2018-01-05 04:25:00",14989.47
"2018-01-05 04:26:00",14973.06
"2018-01-05 04:27:00",14955.28
"2018-01-05 04:28:00",14916.67
"2018-01-05 04:29:00",14851.35
"2018-01-05 04:30:00",14832.67
"2018-01-05 04:31:00",14865.97
"2018-01-05 04:32:00",14884.57
"2018-01-05 04:33:00",14873.29
"2018-01-05 04:34:00",14848.95
"2018-01-05 04:35:00",14816.51
"2018-01-05 04:36:00",14827.88
"2018-01-05 04:37:00",14891.87
"2018-01-05 04:38:00",14891.07
"2018-01-05 04:39:00",14893.71
"2018-01-05 04:40:00",14889.77
"2018-01-05 04:41:00",14885.66
"2018-01-05 04:42:00",14885.49
"2018-01-05 04:43:00",14899.99
"2018-01-05 04:44:00",14903.49
"2018-01-05 04:45:00",14908.52
"2018-01-05 04:46:00",14915.91
"2018-01-05 04:47:00",14919.29
"2018-01-05 04:48:00",14919.56
"2018-01-05 04:49:00",14918.56
"2018-01-05 04:50:00",14916.36
"2018-01-05 04:51:00",14916.65
"2018-01-05 04:52:00",14914.59
"2018-01-05 04:53:00",14886.44
"2018-01-05 04:54:00",14880.8
"2018-01-05 04:55:00",14885.15
"2018-01-05 04:56:00",14890.32
"2018-01-05 04:57:00",14916.11
"2018-01-05 04:58:00",14921.87
"2018-01-05 04:59:00",14929.04
"2018-01-05 05:00:00",14946.46
"2018-01-05 05:01:00",14949.71
"2018-01-05 05:02:00",14950.92
"2018-01-05 05:03:00",14945.53
"2018-01-05 05:04:00",14936.07
"2018-01-05 05:05:00",14928.5
"2018-01-05 05:06:00",14929.75
"2018-01-05 05:07:00",14929.48
"2018-01-05 05:08:00",14917.02
"2018-01-05 05:09:00",14899.49
"2018-01-05 05:10:00",14895.36
"2018-01-05 05:11:00",14894.83
"2018-01-05 05:12:00",14884.94
"2018-01-05 05:13:00",14888.57
"2018-01-05 05:14:00",14882.23
"2018-01-05 05:15:00",14874.31
"2018-01-05 05:16:00",14883.6
"2018-01-05 05:17:00",14897.51
"2018-01-05 05:18:00",14901.19
"2018-01-05 05:19:00",14894.74
"2018-01-05 05:20:00",14896.68
"2018-01-05 05:21:00",14903.83
"2018-01-05 05:22:00",14904.55
"2018-01-05 05:23:00",14906.64
"2018-01-05 05:24:00",14907.32
"2018-01-05 05:25:00",14905.18
"2018-01-05 05:26:00",14904.78
"2018-01-05 05:27:00",14901.35
"2018-01-05 05:28:00",14880.81
"2018-01-05 05:29:00",14874.16
"2018-01-05 05:30:00",14867.8
"2018-01-05 05:31:00",14881.54
"2018-01-05 05:32:00",14883.72
"2018-01-05 05:33:00",14882.89
"2018-01-05 05:34:00",14887.31
"2018-01-05 05:35:00",14884.45
"2018-01-05 05:36:00",14898.68
"2018-01-05 05:37:00",14907.69
"2018-01-05 05:38:00",14911.85
"2018-01-05 05:39:00",14923.84
"2018-01-05 05:40:00",14935.03
"2018-01-05 05:41:00",14960.88
"2018-01-05 05:42:00",15001.89
"2018-01-05 05:43:00",15012.96
"2018-01-05 05:44:00",15006.76
"2018-01-05 05:45:00",14995.17

"This data was produced from the CoinDesk price page."
http://www.coindesk.com/price/
